,Column 1,question_type,exam_year,semester,moed,question_number,url,points,question_translation_latex,multiple_choice_answer,topics_covered,dataset,question_in_hebrew,answer_in_hebrew,answer_translation_latex,chat_answer,is_chat_correct,is_ptbs_good,chat_answer_new
3,95,C,2004,a,a,8,https://docs.google.com/document/d/1XDB0oWMfvAxlym7XTAow0iF4PbwLN3qE,7,"\noindent
Modify the QuickSort algorithm as follows: the pivot element will be selected by choosing the $n/4$ order statistic, using the Select function. The running time of the new algorithm will be:
\begin{itemize}
    \item[(a)] W.C.- $\Theta(n\log(n))$, Expected - $\Theta(n)$
    \item[(b)] W.C.- $\Theta(n^2)$, Expected - $\Theta(n^2)$ 
    \item[(c)] W.C.- $\Theta(n^2)$, Expected - $\Theta(n\log(n))$
    \item[(d)] W.C.- $\Theta(n\log(n))$, Expected - $\Theta(n\log(n))$
    \item[(e)] W.C.- $\Theta(n^{0.25}\log(n))$, Expected - $\Theta(n^{0.25}\log(n))$ 
    \item[(f)] W.C.- $\Theta(n^2\log(n))$, Expected - $\Theta(n^2\log(n))$
\end{itemize}",D,j,tested,"נשנה את אלגוריתם QuickSort באופן הבא: בחירת איבר הציר (Pivot) תבוצע על ידי בחירת הסדר הסטטיסטי ה-n/4 , בעזרת פונקצית Select.    זמן ריצת האלגוריתם החדש יהיה:
א. W.C.- θ(nlog(n)), Expectet -θ(n)
ב. W.C.- θ(n^2), Expectet -θ(n^2) 
ג. W.C.- θ(n^2), Expectet -θ(nlog(n))
ד. W.C.- θ(nlog(n)), Expectet -θ(nlog(n))
ה. W.C.- θ(n^0.25log(n)), Expectet -θ(n^0.25log(n)) 
ו. W.C.- θ(n^2log(n)), Expectet -θ(n^2log(n))","ד. 
זמן הריצה יהיה זהה למקרה הגרוע ולמקרה הממוצע – למעשה לא יושפע מהקלט או מהגרלות.
נוסחת הנסיגה: T(n) = T(3n/4) + T(n/4) + Θ(n) (עד כדי עיגול לשלמים).","The correct answer is D.\\

The runtime will be the same for the worst case and the average case – it will not actually be affected by the input or random choices.
The recurrence formula: \( T(n) = T\left(\frac{3n}{4}\right) + T\left(\frac{n}{4}\right) + \Theta(n) \) (rounded to integers).","The solution in latex format is as follows:

\begin{itemize}
    \item[(a)] W.C.- $\Theta(n\log(n))$, Expected - $\Theta(n)$
    \item[(b)] W.C.- $\Theta(n^2)$, Expected - $\Theta(n^2)$ 
    \item[(c)] W.C.- $\Theta(n^2)$, Expected - $\Theta(n\log(n))$
    \item[(d)] W.C.- $\Theta(n\log(n))$, Expected - $\Theta(n\log(n))$
    \item[(e)] W.C.- $\Theta(n^{0.25}\log(n))$, Expected - $\Theta(n^{0.25}\log(n))$ 
    \item[(f)] W.C.- $\Theta(n^2\log(n))$, Expected - $\Theta(n^2\log(n))$
\end{itemize}",question,yes,"(d) W.C.- $\Theta(n\log(n))$, Expected - $\Theta(n\log(n))$"
10,119,C,2005,a,a,6,https://docs.google.com/document/d/1Ze9Vu1t-M8eGfSRY5m6GdpbIz9KUxnzN,8,"\noindent Let \( T \) be an AVL tree with \( n \) nodes. The height of a node is defined as the length of the longest path (in edges) from it to a leaf. For example, the height of a leaf is 0. Let \( m \) be the node that contains the minimum value in the tree. Then the height of \( m \) in \( T \) is: 

\begin{enumerate}
    \item necessarily \( 0 \).
    \item less than or equal to \( 1 \).
    \item exactly \( 1 \).
    \item less than or equal to \( 2 \).
    \item possibly \(\Theta(\log(n))\).
    \item possibly \(\Theta(n)\).
\end{enumerate}",B,f,tested,"יהא T עץ AVL בעל n  צמתים. גבהו של צמת מוגדר כאורך המסלול (בקשתות) הארוך ביותר ממנו לעלה. לדוגמה – גבהו של עלה הינו 0. יהא m  הצומת שמכיל את ערך המינימום בעץ. אזי גבהו של m  ב-T הינו: 

א. בהכרח 0.
ב. קטן מ או שווה ל 1. 
ג. בדיוק 1.
ד. קטו מ או שווה ל 2.
ה. יכול להיות θ(log(n)).
ו. יכול להיות θ(n).","ב. למינימום אין בן שמאלי. לכן הוא עלה או צומת עם בן ימני שחייב, לפי הגדרת AVL , להיות עלה.","
b. The minimum has no left child. Therefore, it is a leaf or a node with a right child that must, according to the AVL definition, be a leaf.
","\begin{enumerate}
    \item necessarily \( 0 \).
    \item less than or equal to \( 1 \).
    \item exactly \( 1 \).
    \item less than or equal to \( 2 \).
    \item possibly \(\Theta(\log(n))\).
    \item possibly \(\Theta(n)\).
\end{enumerate}",question,yes,necessarily \( 0 \).
11,120,C,2005,a,a,7,https://docs.google.com/document/d/1Ze9Vu1t-M8eGfSRY5m6GdpbIz9KUxnzN,9,"\noindent Given an array $A$ containing $n$ distinct (unsorted) elements. A min-heap $H$ is given, containing the same elements. We want to take the smallest $n^{0.5}$ elements and sort them in the lowest worst-case time. Let $a(n)$ be the cost of performing the operation (with the best algorithm you know) on $A$ and let $h(n)$ be the cost of performing the operation (with the best algorithm you know) on $H$. Then:
\begin{enumerate}
    \item The cost of execution for both algorithms is identical.
    \item The cost of execution for both algorithms is asymptotically the same, but the constant factor for $a(n)$ is lower.
    \item The cost of execution for both algorithms is asymptotically the same, but the constant factor for $h(n)$ is lower.
    \item $a(n) = o(h(n))$.
    \item $h(n) = o(a(n))$.
\end{enumerate}",5,"d,h",tested,"נתון מערך A ובו n  נתונים שונים זה מזה (לא ממוינים). נתונה ערימת מינימום H ובה אותם נתונים. מעוניינים לקחת את n^0.5 האיברים הקטנים ביותר ולמיינם בזמן Worst case  הנמוך ביותר. יהא a(n)  עלות ביצוע הפעולה (על ידי האלגוריתם הטוב ביותר שהנכם מכירים) על A ותהא h(n)  עלות היבצוע (על ידי האלגוריתם הטוב ביותר שהנכם מכירים)  על H. אזי:  
1. עלות הבצוע של שני האלגורתמים זהה. 
2. עלות הבצוע של שני האלגורתמים בסדר גודל  זהה אבל הקבוע של a(n) נמוך יותר.
3. עלות הבצוע של שני האלגורתמים בסדר גודל  זהה אבל הקבוע של h(n) נמוך יותר.
a(n)=o(h(n .4. )).
h(n)=o(a(n .5)).",ה. על A מבצעים ORDER STAT ואחכ מיון. עלות:  EMBED Equation.3  על H מבצעים  EMBED Equation.3   DELETEMIN . עלות:  EMBED Equation.3,"
5. Perform ORDER STAT on \( A \) and then sort. Cost: \(\Theta(A \log A)\). Perform \(\Theta(H \cdot \log H)\) DELETEMIN on \( H \). Cost: \(\Theta(H \cdot \log H)\).
","\begin{enumerate}
    \item The cost of execution for both algorithms is identical.
    \item The cost of execution for both algorithms is asymptotically the same, but the constant factor for $a(n)$ is lower.
    \item The cost of execution for both algorithms is asymptotically the same, but the constant factor for $h(n)$ is lower.
    \item $a(n) = o(h(n))$.
    \item $h(n) = o(a(n))$.
\end{enumerate}",question,,"The cost of execution for both algorithms is asymptotically the same, but the constant factor for $a(n)$ is lower."
16,169,C,2007,a,a,3,https://docs.google.com/document/d/15av3BYO1sip8j7xbHE3cwGQOEe2WyO9U,7,"\text{Given a max-heap of size } n. \text{ The keys of } $\frac{n}{4}$  of the leaves in the heap have been changed, so now the heap may no longer be valid. We want to make the heap valid with minimal worst-case running time. Assume there is access to the elements of the heap (i.e., the heap is not a black box). The worst-case running time will be: \\
a. \ $\theta(\log(n))$ \\
b. \ $\theta(\log(n)^2)$ \\
c. \ $\theta(n)$ \\
d. \ $\theta(n\log(n)$) \\
e. \ $\theta(n^3)$ \\
f. \ \text{None of the above.}",C,"a,h",tested,"נתונה ערימת מקסימום בגודל n. שינו את המפתחות של n/4 מהעלים בערימה, כך שעכשיו יתכן שהערימה כבר לא חוקית. נרצה להפוך את הערימה לחוקית בזמן ריצה W.C. מינימלי. הניחו שיש גישה לאברי הערימה (כלומר הערימה לא קופסה שחורה).
זמן הריצה W.C. יהיה:
א. θ(log(n))
ב. θ(log(n)^2) 
ג. θ(n)
ד. θ(nlog(n))
ה. θ(n^3)
ו. אף אחד מהנ""ל.",ג.הזמן שדרוש כדי לגשת לכל אחד מהצמתים ששושנו הוא   EMBED Equation.DSMT4      לכן לא יתכן פתרון מהיר יותר.בזמן   EMBED Equation.DSMT4     אפשר לבצע BuildHeap מחדש על כל האיברים.,"
The time required to access each of the nodes in our list is \( O(n) \), therefore a faster solution is not possible. In \( O(n \log n) \) time, it is possible to perform BuildHeap again on all the elements.
","\text{Given a max-heap of size } n. \text{ The keys of } \frac{n}{4} \text{ of the leaves in the heap have been changed, so now the heap may no longer be valid. We want to make the heap valid with minimal worst-case running time. Assume there is access to the elements of the heap (i.e., the heap is not a black box). The worst-case running time will be:} \\
\text{a. } \theta(\log(n)) \\
\text{b. } \theta(\log(n)^2) \\
\text{c. } \theta(n) \\
\text{d. } \theta(n\log(n) \\
\text{e. } \theta(n^3) \\
\text{f. None of the above.}",question,yes,"f. None of the above. 

The worst-case running time to restore a max-heap with $\frac{n}{4}$ keys of the leaves changed is $\theta(n)$."
21,245,b,2010,b,a,2-d,T2/ds10ba.doc,na,"\documentclass{article}
\usepackage[utf8]{inputenc}
\begin{document}

In this problem, we will sort strings in lexicographic order (dictionary order). A string is a list of characters over a known alphabet. For the sake of simplicity, assume all strings have the same length $t$. A string $s_1$ comes before a string $s_2$ in order if the first character in which they differ is smaller in $s_1$ than in $s_2$. For example, if $s_1=\text{CGTAA}$ and $s_2=\text{CGTCA}$ then $s_1$ comes before $s_2$. Assume that each character in every string can be accessed in constant time. Denote $n$ as the number of strings, and $m$ as the total length of all strings. Note that $m=n \cdot t$. Assume that the strings are given in an array $A$, that is $A[i]$ is a pointer to the $i+1$ string in the array. (Indices in $A$ start from 0.)

The following algorithm, which uses the routines $\text{find-median-char}$ and $\text{partition}$, sorts the strings at locations $k_1,k_1+1,\ldots,k_2$ in array $A$ according to the lexicographic order of the suffixes of these strings starting at position $j$, using comparisons between pairs of characters only. (The suffix of a string consists of the string's characters starting from a certain position $j$ to the end of the string.) To sort all the strings lexicographically, perform $\text{string-sort}(0,n-1,0)$. (The indices of the characters in the strings also start from 0.)

\begin{verbatim}
string-sort(k1,k2,j):
   C \leftarrow \text{find-median-char}(k1,k2,j)
   (p,q) \leftarrow \text{partition}(k1,k2,C,j)
   \text{If} (k1 < p) \text{string-sort}(k1,p-1,j);
   \text{If} (q < k2) \text{string-sort}(q+1,k2,j);
   \text{If} (j < t-1) \text{and} (p < q) \text{string-sort}(p,q,j+1);
\end{verbatim}

The routine $\text{find-median-char}(k1,k2,j)$ returns the median character in the set of characters at position $j$ of the strings at locations $k_1,\ldots,k_2$ in $A$. 

What is the running time of the algorithm as a function of $m$ and $n$, assuming that $\text{find-median-char}(k1,k2,j)$ and $\text{partition}(k1,k2,C,j)$ run in time $O(k_2-k_1)$? Prove your answer.

\end{document}",na,"m,c,j",tested,,,"\begin{quote}
The first two lines require time proportional to the size of the array we are currently dealing with. The first two recursive calls operate on an array whose size is at most half of the original size. The last line advances the letter \( j \) within the strings from \( p \) to \( q \); it is called up to \( t \) times for each string. From an analysis similar to Quicksort, plus \( O(nt) \) work, we get \( O(m+n\log n) \).
\end{quote}","\documentclass{article}
\usepackage[utf8]{inputenc}
\begin{document}

In this problem, we will sort strings in lexicographic order (dictionary order). A string is a list of characters over a known alphabet. For the sake of simplicity, assume all strings have the same length $t$. A string $s_1$ comes before a string $s_2$ in order if the first character in which they differ is smaller in $s_1$ than in $s_2$. For example, if $s_1=\text{CGTAA}$ and $s_2=\text{CGTCA}$ then $s_1$ comes before $s_2$. Assume that each character in every string can be accessed in constant time. Denote $n$ as the number of strings, and $m$ as the total length of all strings. Note that $m=n \cdot t$. Assume that the strings are given in an array $A$, that is $A[i]$ is a pointer to the $i+1$ string in the array. (Indices in $A$ start from 0.)

The following algorithm, which uses the routines $\text{find-median-char}$ and $\text{partition}$, sorts the strings at locations $k_1,k_1+1,\ldots,k_2$ in array $A$ according to the lexicographic order of the suffixes of these strings starting at position $j$, using comparisons between pairs of characters only. (The suffix of a string consists of the string's characters starting from a certain position $j$ to the end of the string.) To sort all the strings lexicographically, perform $\text{string-sort}(0,n-1,0)$. (The indices of the characters in the strings also start from 0.)

\begin{verbatim}
string-sort(k1,k2,j):
   C \leftarrow \text{find-median-char}(k1,k2,j)
   (p,q) \leftarrow \text{partition}(k1,k2,C,j)
   \text{If} (k1 < p) \text{string-sort}(k1,p-1,j);
   \text{If} (q < k2) \text{string-sort}(q+1,k2,j);
   \text{If} (j < t-1) \text{and} (p < q) \text{string-sort}(p,q,j+1);
\end{verbatim}

The routine $\text{find-median-char}(k1,k2,j)$ returns the median character in the set of characters at position $j$ of the strings at locations $k_1,\ldots,k_2$ in $A$. 

What is the running time of the algorithm as a function of $m$ and $n$, assuming that $\text{find-median-char}(k1,k2,j)$ and $\text{partition}(k1,k2,C,j)$ run in time $O(k_2-k_1)$? Prove your answer.

\end{document}",question,,"The running time of the algorithm is $O(m \log n)$. 

Proof: 
- The algorithm divides the strings into two parts using the median character at position $j$. This division takes $O(n)$ time as finding the median character involves comparing each character at position $j$ in all strings. 
- After the division, the algorithm recursively sorts the two parts. Since the division is based on characters at position $j$, the algorithm needs to perform $O(t)$ comparisons at each level of recursion. 
- There are $\log n$ levels of recursion since in each level the number of strings being sorted is halved. 
- Therefore, the total number of comparisons is $O(n \cdot t \cdot \log n) = O(m \log n)$. 

Thus, the running time of the algorithm is $O(m \log n)$."
24,250,b,2010,b,a,4-b,T2/ds10ba.doc,na,"\documentclass{article}
\begin{document}

In this question, we analyze a new deterministic algorithm for the Selection problem. The algorithm selects the k-th largest element from a set $A$ with $n$ distinct elements.

If $n<100$, the algorithm sorts the $n$ elements and returns the k-th largest element.

Otherwise, the algorithm divides the elements into quartets. The algorithm sorts each quartet and chooses from it the third largest element. (If the quartet is $a<b<c<d$, then the chosen element is $c$.) Let $B$ be the set of chosen elements.

Among the $m=n/4$ elements of $B$, the algorithm selects, by a recursive call, the $(2/5)m$-th largest element. Let this element be $x$. ($x$ is greater than or equal to $(2/5)m$ of the elements of $B$.)

The element $x$ is now compared to all the elements of $A$. Let $A_1$ be the elements of $A$ that are less than or equal to $x$, and $A_2$ be the elements of $A$ that are greater than $x$. Also, let $r=|A_1|$.

If $k\leq r$, the algorithm finds, by a recursive call, the k-th largest element in $A_1$ and returns it. Otherwise, the algorithm finds, by a recursive call, the $(k−r)$-th largest element in $A_2$ and returns it.

You can ignore partition issues. (It is possible, when convenient, to assume that $n$ is divisible by 4, that $m$ is divisible by 5, and so on.)
What is the smallest $b$ such that $r\leq bn+O(1)$ always holds? Prove your answer.

\end{document}",na,m,tested,,,\( 1 - \frac{3}{5} \cdot \frac{2}{4} = \frac{7}{10} \),"\documentclass{article}
\begin{document}

In this question, we analyze a new deterministic algorithm for the Selection problem. The algorithm selects the k-th largest element from a set $A$ with $n$ distinct elements.

If $n<100$, the algorithm sorts the $n$ elements and returns the k-th largest element.

Otherwise, the algorithm divides the elements into quartets. The algorithm sorts each quartet and chooses from it the third largest element. (If the quartet is $a<b<c<d$, then the chosen element is $c$.) Let $B$ be the set of chosen elements.

Among the $m=n/4$ elements of $B$, the algorithm selects, by a recursive call, the $(2/5)m$-th largest element. Let this element be $x$. ($x$ is greater than or equal to $(2/5)m$ of the elements of $B$.)

The element $x$ is now compared to all the elements of $A$. Let $A_1$ be the elements of $A$ that are less than or equal to $x$, and $A_2$ be the elements of $A$ that are greater than $x$. Also, let $r=|A_1|$.

If $k\leq r$, the algorithm finds, by a recursive call, the k-th largest element in $A_1$ and returns it. Otherwise, the algorithm finds, by a recursive call, the $(k−r)$-th largest element in $A_2$ and returns it.

You can ignore partition issues. (It is possible, when convenient, to assume that $n$ is divisible by 4, that $m$ is divisible by 5, and so on.)
What is the smallest $b$ such that $r\leq bn+O(1)$ always holds? Prove your answer.

\end{document}",question,,The smallest b is 2/5.
26,252,b,2010,b,a,4-d,T2/ds10ba.doc,na,"\documentclass{article}
\begin{document}

In this question, we will analyze a new deterministic algorithm for the Selection problem. The algorithm selects the k-th largest element from a set A of n different elements.

If \( n < 100 \), the algorithm sorts the n elements and returns the k-th largest element.

Otherwise, the algorithm divides the elements into quartets. The algorithm sorts each quartet and selects from it the third largest element. (If the quartet is \( a < b < c < d \), then the selected element is \( c \).) Let B denote the set of selected elements.

Among the \( m = n/4 \) elements of B, the algorithm selects, by a recursive call, the (2/5)m-largest element. Let this element be denoted by x. (x is greater than or equal to \((2/5)m\) of the elements of B.)

The element x is now compared to all the elements of A. Let \( A_1 \) denote the elements of A that are less than or equal to x, and let \( A_2 \) denote the elements of A that are greater than x. Also denote \( r = |A_1| \).

If \( k \leq r \), the algorithm finds, by a recursive call, the k-th largest element in \( A_1 \) and returns it. Otherwise, the algorithm finds, by a recursive call, the (k-r)-th largest element in \( A_2 \) and returns it.

Division issues can be ignored. (It is possible to assume for convenience that n is divisible by 4, m is divisible by 5, and so on.)
What is the runtime of the algorithm (as a function of n)? (An asymptotic answer in terms of \( O(.) \) is sufficient.)

\end{document}",na,"m,c,a",tested,,,"\text{Since } \frac{1}{4} + \frac{7}{10} < 1, \text{ the analysis is similar to that of the selection algorithm - } O(n).","\documentclass{article}
\usepackage{amsmath}

\begin{document}

In this question, we will analyze a new deterministic algorithm for the Selection problem. The algorithm selects the $k$-th largest element from a set $A$ of $n$ different elements.

If $n < 100$, the algorithm sorts the $n$ elements and returns the $k$-th largest element.

Otherwise, the algorithm divides the elements into quartets. The algorithm sorts each quartet and selects from it the third largest element. (If the quartet is $a < b < c < d$, then the selected element is $c$.) Let $B$ denote the set of selected elements.

Among the $m = n/4$ elements of $B$, the algorithm selects, by a recursive call, the $(2/5)m$-largest element. Let this element be denoted by $x$. ($x$ is greater than or equal to $(2/5)m$ of the elements of $B$.)

The element $x$ is now compared to all the elements of $A$. Let $A_1$ denote the elements of $A$ that are less than or equal to $x$, and let $A_2$ denote the elements of $A$ that are greater than $x$. Also denote $r = |A_1|$.

If $k \leq r$, the algorithm finds, by a recursive call, the $k$-th largest element in $A_1$ and returns it. Otherwise, the algorithm finds, by a recursive call, the $(k-r)$-th largest element in $A_2$ and returns it.

Division issues can be ignored. (It is possible to assume for convenience that $n$ is divisible by 4, $m$ is divisible by 5, and so on.)
What is the runtime of the algorithm (as a function of $n$)? (An asymptotic answer in terms of $O(.)$ is sufficient.)

\end{document}",question,yes,The runtime of the algorithm is \( O(n \log n) \).
39,431,c,2011,b,a,1,T2/ds11-BA-sol.pdf,10,"\begin{enumerate}
    \item A Fibonacci heap is given as learned in class. It is given that it is empty. We perform n insert operations and then two del-min operations. You need to choose the answer that contains:
    \begin{enumerate}
        \item The worst-case running time of the first min-del operation among the two.
        \item The worst-case running time of the second min-del operation among the two.
        \item Justify your answer.
    \end{enumerate}
    
\end{enumerate}

\begin{itemize}
    \item [A.] First w.c \(O(1)\) Second w.c \(O(1)\)
    \item [B.] First w.c \(O(\log n)\) Second w.c \(O(\log n)\)
    \item [C.] First w.c \(O(n)\) Second w.c \(O(n)\)
    \item [D.] First w.c \(O(\log n)\) Second w.c \(O(1)\)
    \item [E.] First w.c \(O(n)\) Second w.c \(O(\log n)\)
    \item [F.] First w.c \(O(n)\) Second w.c \(O(1)\)
\end{itemize}",E,i,tested,,,"\textbf{Answer: h}
After one min-del operation, there will be trees up to degree \(\log n\), at most one of each degree.
Therefore, the successive linking in the next phase will take at most \(\log n\). The first operation
will take \(O(n)\) because each element is in its own tree.","\begin{enumerate}
    \item A Fibonacci heap is given as learned in class. It is given that it is empty. We perform $n$ insert operations and then two del-min operations. You need to choose the answer that contains:
    \begin{enumerate}
        \item The worst-case running time of the first min-del operation among the two.
        \item The worst-case running time of the second min-del operation among the two.
        \item Justify your answer.
    \end{enumerate}
    
\end{enumerate}

\begin{itemize}
    \item [A.] First w.c $O(1)$ Second w.c $O(1)$
    \item [B.] First w.c $O(\log n)$ Second w.c $O(\log n)$
    \item [C.] First w.c $O(n)$ Second w.c $O(n)$
    \item [D.] First w.c $O(\log n)$ Second w.c $O(1)$
    \item [E.] First w.c $O(n)$ Second w.c $O(\log n)$
    \item [F.] First w.c $O(n)$ Second w.c $O(1)$
\end{itemize}",question,yes,B. First w.c \(O(\log n)\) Second w.c \(O(\log n)\) - Fibonacci heap insertion and deletion operations have a worst-case time complexity of \(O(\log n)\) depending on the number of nodes in the heap.
52,496,c,2013,b,a,20,T2/ds13BA-sol.pdf,3,"\begin{enumerate}
    \item Answer true or false to the following statement. (Mark 'a' for true / 'b' for false)
    \item Given only pre-order and post-order traversals, a general binary tree can be uniquely reconstructed.
    \begin{itemize}
        \item a. True
        \item b. False
    \end{itemize}
    \item Brief justification:
\end{enumerate}",B,e,tested,,,"\textbf{Answer:} \\
b. Incorrect \\
\textbf{Brief explanation:} A counterexample - X is the root, in one tree Y is the right child, and in another tree Y is the left child.","\begin{enumerate}
    \item Answer true or false to the following statement. (Mark 'a' for true / 'b' for false)
    \item Given only pre-order and post-order traversals, a general binary tree can be uniquely reconstructed.
    \begin{itemize}
        \item a. True
        \item b. False
    \end{itemize}
    \item Brief justification:
\end{enumerate}",question,yes,"b. False

Given only pre-order and post-order traversals, a general binary tree cannot be uniquely reconstructed."
55,594,B,2017,a,a,1-a,T3/ds17AA-sol.pdf,na,"\begin{enumerate}
    \item Given an array containing n elements. The number of distinct elements is k (𝑛 ≤ 𝑘).
    \item Sort the following asymptotic orders without explanation (𝑛 ≤ 𝑘):
    \begin{itemize}
        \item n \log n,
        \item n,
        \item n \log k,
        \item n + k \log k,
        \item n^2
    \end{itemize}
\end{enumerate}",na,a,tested,"נתון מערך המכיל n איברים. מספר האיברים השונים הוא k (𝑛 ≤ 𝑘).
א. מיינו ללא הסבר את סדרי הגודל הבאים אסימפטוטית (𝑛 ≤ 𝑘):
nlogn, n, nlogk, n+klogk, n^2","n^2, nlogn, nlogk, n+klogk,n","n^2, n\log{n}, n\log{k}, n+k\log{k}, n","\begin{enumerate}
    \item Given an array containing $n$ elements. The number of distinct elements is $k$ ($n \leq k$).
    \item Sort the following asymptotic orders without explanation ($n \leq k$):
    \begin{itemize}
        \item $n \log n$,
        \item $n$,
        \item $n \log k$,
        \item $n + k \log k$,
        \item $n^2$
    \end{itemize}
\end{enumerate}",question,yes,"n, n log n, n log k, n + k log k, n^2"
63,800,C,2018,A,B,3,T3/ds18AB-Sol.pdf,7,"Given an array of size \( n \) of elements \((\text{key}, \text{value})\) where the number of distinct keys in the array is \( k \) (i.e., if we convert the keys in the array into a set, the set will be of size \( k \)). We want to sort the array in the comparison model so that the sorting will be stable.
Reminder: A sort is called stable if it maintains the order of elements with the same key after sorting.
Note: Without addressing stability in the explanation of the solution, only partial credit will be given.
a. When \( k = \sqrt{n} / \log n \), the array can be stably sorted in time \( O(\sqrt{n} \log n) \) using a balanced search tree.
b. When \( k = \log n \), the array can be stably sorted in time \( O(n \log \log \log n) \) using a balanced search tree.
c. When \( k = n / \log n \), the array can be stably sorted with complexity \( O(n) \) on average using a hash table.
d. When \( k = n \), the array can be stably sorted with complexity \( O(n \log \log n) \) on average using a hash table.",c,"d,k",tested,"נתון מערך בגודל 𝑛 של איברים (𝑘𝑒𝑦,𝑣𝑎𝑙𝑢𝑒) כאשר מספר המפתחות השונים במערך הוא 𝑘 )כלומר, אם נמיר את המפתחות במערך לקבוצה, הקבוצה תהיה בגודל 𝑘(. נרצה למיין את המערך במודל ההשוואות, כך שהמיון יהיה יציב.
תזכורת: מיון נקרא מיון יציב אם הוא שומר על הסדר של איברים עם אותו המפתח גם לאחר המיון.
שימו לב: ללא התייחסות ליציבות בהסבר הפתרון, יינתן ניקוד חלקי בלבד.
א. כאשר 𝑘=√𝑛/log𝑛 ניתן למיין יציב את המערך בזמן O(√𝑛log𝑛) בעזרת עץ חיפוש מאוזן.
ב. כאשר 𝑘=log𝑛 ניתן למיין יציב את המערך בזמן (O(𝑛logloglog𝑛 בעזרת עץ חיפוש מאוזן.
ג. כאשר 𝑘=𝑛/log𝑛 , ניתן למיין יציב את המערך בסיבוכיות (O(𝑛 בתוחלת בעזרת טבלת האש.
ד. כאשר 𝑘=𝑛 , ניתן למיין יציב את המערך בסיבוכיות O(𝑛loglog𝑛) בתוחלת בעזרת טבלת האש.","פתרון: ג. הסבר: נאתחל טבלת האש A בגודל לפחות 𝑘 (במטרה שעבור כל מפתח יחזיק מצביע לרשימה מקושרת של האיברים במערך עם אותו המפתח, לפי סדר הופעתם במערך). בנוסף נאתחל מערך B בגודל 𝑘 .
נעבור על המערך המקורי לפי הסדר, ועבור כל איבר, נחפש ב A לפי 𝑘𝑒𝑦 . אם הוא קיים, נכניס את האיבר לסוף הרשימה המקושרת שהאיבר מצביע אליו. אם הוא לא קיים, נוסיף את המפתח, ונאתחל עבור אותו המפתח רשימה מקושרת ונכניס את האיבר לשם. בנוסף בזמן המעבר, אם כאשר אנחנו מחפשים אנחנו לא מוצאים את המפתח, נוסיף את המפתח למערך B . נמיין את המערך B , בזמן 𝑂((𝑛\log𝑛)*log(𝑛\log𝑛))=𝑂(𝑛) . נעבור על B לפי הסדר, נחפש את
הרשימה המקושרת המתאימה למפתח בטבלת ההאש, ונוסיף את איברי הרשימה המקושרת לפי הסדר למערך המקורי (או למערך פלט חדש).","\textbf{Solution:} c. \textbf{Explanation:} Initialize a hash table $A$ of size at least $k$ (with the goal that for each key, it will hold a pointer to a linked list of the elements in the array with the same key, in the order they appear in the array). Additionally, initialize an array $B$ of size $k$. Traverse the original array in order, and for each element, search $A$ by $key$. If it exists, append the element to the end of the linked list that the element points to. If it does not exist, add the key, initialize a linked list for that key, and insert the element there. Additionally, during traversal, if when searching for the key it is not found, add the key to array $B$. Sort the array $B$ in time $O((n\log n) \cdot \log(n\log n)) = O(n)$. Traverse $B$ in order, search for the corresponding linked list in the hash table, and append the linked list elements in order to the original array (or to a new output array).","a. When \( k = \sqrt{n} / \log n \), the array can be stably sorted in time \( O(\sqrt{n} \log n) \) using a balanced search tree.

b. When \( k = \log n \), the array can be stably sorted in time \( O(n \log \log \log n) \) using a balanced search tree.

c. When \( k = n / \log n \), the array can be stably sorted with complexity \( O(n) \) on average using a hash table.

d. When \( k = n \), the array can be stably sorted with complexity \( O(n \log \log n) \) on average using a hash table.",question,yes,"a. BST Sort
b. BST Sort
c. Hash Table Sort
d. Hash Table Sort"
65,803,C,2018,A,B,4-c,T3/ds18AB-Sol.pdf,4,"After looking at the hash table using the Chaining method, we thought it would be advisable to change our data structure choice (from a linked list to another data structure) in order to achieve better asymptotic complexity for insertion, search, and deletion from the hash table, even in the worst case (for any load factor), and also on average (for a load factor > 1). Let us denote load factor = \(\alpha\). What is the average complexity of insertion/search/deletion, depending on \(\alpha = \text{load factor}\)? (The tightest answer.)

A. \(O(\log \log \alpha)\)
B. \(O(\alpha \log \alpha)\)
C. \(O(\alpha)\)
D. \(O(\log \alpha)\)",d,"a,d,f,g,h",tested,"לאחר שהסתכלנו על טבלת האש בשיטת Chaining , חשבנו שכדאי לנו להחליף את בחירת מבנה הנתונים (מרשימה מקושרת, למבנה נתונים אחר) כדי להשיג סיבוכיות אסימפטוטית טובה יותר בהכנסה, חיפוש ומחיקה מטבלת ההאש, גם במקרה הגרוע ביותר (לכל 𝑙𝑜𝑎𝑑𝑓𝑎𝑐𝑡𝑜𝑟 (, וגם בתוחלת (עבור 𝑙𝑜𝑎𝑑𝑓𝑎𝑐𝑡𝑜𝑟>1 ). נסמן 𝑙𝑜𝑎𝑑𝑓𝑎𝑐𝑡𝑜𝑟=𝛼. מה הסיבוכיות בתוחלת של הכנסה/חיפוש/הוצאה, כתלות ב 𝛼=𝑙𝑜𝑎𝑑𝑓𝑎𝑐𝑡𝑜𝑟 ? )התשובה ההדוקה ביותר).
א. ( 𝑂(loglog𝛼
ב. (𝑂(𝛼log𝛼
ג. 𝑂(𝛼)
ד. 𝑂(log𝛼)","ד. הסבר: עבור עץ מאוזן, הסיבוכיות בתוחלת של פעולה תהיה תוחלת של ( log מספר האיברים בתא). מהתזכורת נקבל שהביטוי הנ""ל קטן או שווה ל- log של (תוחלת מספר האיברים בתא). כידוע, תוחלת מספר האיברים בתא הוא 𝛼 , ולכן נקבל שהסיבוכיות בתוחלת היא log𝛼⁡ . התוחלת היא על פוקנציות ההאש מהמשפחה האוניברסלית.","\textbf{D. Explanation}: For a balanced tree, the average complexity of an operation will be the expectation of (log of the number of elements in the cell). From the reminder, we obtain that the above expression is less than or equal to the log of (the expected number of elements in the cell). As is known, the expected number of elements in the cell is \(\alpha\), and therefore we obtain that the average complexity is \(\log \alpha\). The expectation is over the hash functions from the universal family.","The average complexity of insertion, search, and deletion in a hash table using Chaining method can be expressed in terms of the load factor \(\alpha\) as follows:

A. \(O(\log \log \alpha)\)
B. \(O(\alpha \log \alpha)\)
C. \(O(\alpha)\)
D. \(O(\log \alpha)\)",question,yes,B. \(O(\alpha \log \alpha)\)
68,807,B,2018,A,B,7-a,T3/ds18AB-Sol.pdf,6,"\documentclass{article}
\begin{document}

In class, we learned about Union-Find implemented with linked lists. In this implementation, the \textit{union} operation was costly, and the \textit{find} was inexpensive. 

Reminder: In the union operation, the shorter list was merged into the longer one. Each list had a leader to whom all the elements of the list pointed. In the union operation, the algorithm traversed all the elements in the shorter list and updated their pointer to the leader of the longer list. The find operation returned the leader in $O(1)$ time.

We will deal with careless Find-Union. In it, merging the shorter list into the longer one is emphasized only if a certain condition concerning the two lists $A$ and $B$ holds. Otherwise, one is arbitrarily merged into the other.

If the ""emphasis"" condition is $5 < |\text{size}(A) - \text{size}(B)|$:

1. What is the maximum cost of the \textit{union} operation? (Counted by the number of elements changing groups)
2. What will be the complexity of $n$ \textit{union} operations? (Order of magnitude)

\end{document}",na,n,tested,"בכיתה למדנו על Union-Find במימוש ברשימות מקושרות. במימוש זה פעולת ה 𝑢𝑛𝑖𝑜𝑛 הייתה יקרה ו 𝑓𝑖𝑛𝑑 הייתה זולה.
תזכורת: בפעולת איחוד מוזגה הרשימה הקצרה אל הארוכה. לכל רשימה היה מנהיג שכל איברי הרשימה הצביעו אליו. בפעולת union , האלגוריתם עבר על כל האיברים ברשימה הקצרה ועדכן את המצביע שלהם למנהיג הרשימה הארוכה. פעולת find החזירה את המנהיג בזמן (1)O .
נעסוק ב Find -Union רשלני. בו מקפידים על מיזוג הרשימה הקצרה אל הארוכה רק אם מתקיים תנאי מסוים לגבי שתי הרשימות A ו B . אחרת ממזגים שרירותית אחת אל השנייה.
אם תנאי ה""הקפדה"" הינו 5 < |𝑠𝑖𝑧𝑒(𝐴)−𝑠𝑖𝑧𝑒(𝐵)|⁡ ⁡ 
1. מה העלות המירבית של פעולת 𝑢𝑛𝑖𝑜𝑛 ? )נספרת במספר האיברים העוברים קבוצה)
2. מה תהיה הסיבוכיות של n פעולות 𝑢𝑛𝑖𝑜𝑛 ? )סדר גודל)","עלות מירבית לפעולת union (מספר האיברים העוברים קבוצה): n/2+2
נימוק:
Merge n/2-2 with n/2+2
עלות n פעולות union (סדר גודל) : O(nlog n)
נימוק: For each element each transfer increases its group by factor of at least 1.5 (if size > 10) so # times it transfers is at most 10 + log (base 1.5) of n","\text{Maximum cost for a union operation (number of elements crossing a set): } \frac{n}{2} + 2 \\
\text{Justification:} \\
\text{Merge } \frac{n}{2} - 2 \text{ with } \frac{n}{2} + 2 \\
\text{Cost of } n \text{ union operations (order of magnitude): } O(n \log n) \\
\text{Justification: For each element, each transfer increases its group by a factor of at least 1.5 (if size > 10), so the number of times it transfers is at most } 10 + \log_{\text{base } 1.5} n","\documentclass{article}
\begin{document}

In class, we learned about Union-Find implemented with linked lists. In this implementation, the \textit{union} operation was costly, and the \textit{find} was inexpensive. 

Reminder: In the union operation, the shorter list was merged into the longer one. Each list had a leader to whom all the elements of the list pointed. In the union operation, the algorithm traversed all the elements in the shorter list and updated their pointer to the leader of the longer list. The find operation returned the leader in $O(1)$ time.

We will deal with careless Find-Union. In it, merging the shorter list into the longer one is emphasized only if a certain condition concerning the two lists $A$ and $B$ holds. Otherwise, one is arbitrarily merged into the other.

If the ""emphasis"" condition is $5 < |\text{size}(A) - \text{size}(B)|$:

1. What is the maximum cost of the \textit{union} operation? (Counted by the number of elements changing groups)
2. What will be the complexity of $n$ \textit{union} operations? (Order of magnitude)

\end{document}",question,yes,"1. The maximum cost of the union operation is $5(|\text{size}(A)| + |\text{size}(B)|)$.

2. The complexity of $n$ union operations will be $O(n)$."
73,818,C,2018,A,A,1,T3/ds18AA-Sol.pdf,7,"In class, we learned about \textbf{select} using a random \textbf{partition}. In a specific run of this algorithm on an array $A$ of length $n$, the function \textbf{select} (including recursive calls to itself) was called $0.75n$ times in total (where $n$ is divisible by $4$). Assume that the runtime of \textbf{partition} is linear in the length of its input.
The runtime complexity was (choose the tightest answer):
\begin{enumerate}
    \item \(O(n)\)
    \item \(O(n \log n)\)
    \item \(O(n^2)\)
    \item Any answer between \(O(n)\) and \(O(n^2)\) is possible and depends on the values of the array.
    \item It is impossible to bound the running time since only the expected running time can be calculated.
\end{enumerate}",3,m,tested,"בכיתה למדנו על select המשתמש ב partition אקראי. בריצה ספציפית שביצע אלגוריתם זה על מערך A באורך n נקראה הפונקציה select (כולל קריאות לעצמה) 0.75n פעמים (n מתחלק ב 4) בסך הכל. הניחו שזמן הריצה של partition הינו לינארי באורך הקלט שלו.
סבוכיות זמן הריצה היתה (בחרו את התשובה ההדוקה ביותר):
א.	(O(n
ב.	(O(nlogn
ג.	(O(n2
ד.	כל תשובה בין (O(n לבין ףמ)0הינה אפשרית ותלויה בערכי המערך.
ה.	אי אפשר לחסום את זמן הריצה כי ניתן רק לחשב את תוחלת זמן הריצה.","Worst case is between 1 + 2 + 3 + ⋯ + 0.75n = Θ(n^2) and 0.25n + 0.25n + 1 + 0,25n + 2 + ... . n = Θ (n^2)",مקרה הגרוע ביותר הוא בין 1 + 2 + 3 + ⋯ + 0.75n = \Theta(n^2) ל-0.25n + 0.25n + 1 + 0.25n + 2 + ... + n = \Theta(n^2),"\begin{enumerate}
    \item \(O(n)\)
    \item \(O(n \log n)\)
    \item \(O(n^2)\)
    \item Any answer between \(O(n)\) and \(O(n^2)\) is possible and depends on the values of the array.
    \item It is impossible to bound the running time since only the expected running time can be calculated.
\end{enumerate}",question,maybe,It is impossible to bound the running time since only the expected running time can be calculated.
75,821,C,2018,A,A,4,T3/ds18AA-Sol.pdf,5,"\documentclass{article}
\usepackage[utf8]{inputenc}
\begin{document}

In class, we learned about lazy binomial heaps. We will be interested in an implementation where: 
1. insert is performed by adding a tree of size 1 to the end of the list of trees. 
2. In deletemin, after removing the minimum, we insert its children at the end of the list of trees and perform successive linking by scanning the trees (starting from the head of the list and ending at its tail). 

Alice (A) performed insert of the elements \(1, 2, \ldots, 2^k, 2^k + 1, 2^k + 2\) in ascending order and then executed two deletemin operations. 
Bob (B) performed insert of the same elements in descending order and then executed two deletemin operations. 
Let \(\#\text{links}(A), \#\text{links}(B)\) denote the number of link operations that will be performed in the second deletemin operation in the structure of A and in the structure of B, respectively. 
For \(1 < k\):

a. \(0 \sim |\#\text{links}(A) - \#\text{links}(B)|\)

b. \(|\#\text{links}(A) - \#\text{links}(B)| \sim \log k\)

c. \(|\#\text{links}(A) - \#\text{links}(B)| \sim k\)

d. \(|\#\text{links}(A) - \#\text{links}(B)| \sim 2^k\)

e. The answer depends on \(k\)

\end{document}",3,i,tested,"בכיתה למדנו על lazy binomial heap. נתעניין במימוש שבו: 1 .insert מתבצע על ידי הוספת עץ בגודל 1 לסוף רשימת העצים.
2.ב deletemin, לאחר השמטת המינימום, מכניסים את ילדיו לסוף רשימת העצים ומבצעים successive linking על ידי סריקת העצים (המתחילה בראש הרשימה ומסתיימת בסופה).
אליס (A) ביצעה insert של האיברים 2 + 1,2, .. .,2k, 2k + 1,2k בסדר עולה ואחר כך בצעה שני deletemin.
בוב (B) ביצע insert של אותם האיברים בסדר יורד ואחר כך ביצע שני deletemin.
נסמן ב (links(B) ,#links(A# את מספר פעולות ה link שיתבצעו בפעולת ה deletemin השניה במבנה של A ובמבנה של B בהתאמה.
עבור 1<:k
א.        0 ~ |(links(A) — #links(B#|
ב.        links(A) — #links(B) | ~ log k#|
ג.        links(A) — #links(B)l ~ k#|
ד.        l#links(A) — #links(B)l ~ 2fc
ה.        התשובה תלויה ב  K","הסבר קצר: (לצורך המחשת ההסבר ניתן להשתמש ב3=k אך הנימוק נכון ל 1<k כללי).
In one DS the minimum is in a tree of size 1, in the other DS the minimum is in a tree of
.(size 2k (with k children","\textit{Short explanation: (To illustrate the explanation, we can use $k=3$, but the reasoning is valid for general $k>1$). In one data structure, the minimum is in a tree of size 1, whereas in the other data structure, the minimum is in a tree of size $2k$ (with $k$ children).}","\documentclass{article}
\usepackage[utf8]{inputenc}
\begin{document}

In class, we learned about lazy binomial heaps. We will be interested in an implementation where: 
1. insert is performed by adding a tree of size 1 to the end of the list of trees. 
2. In deletemin, after removing the minimum, we insert its children at the end of the list of trees and perform successive linking by scanning the trees (starting from the head of the list and ending at its tail). 

Alice (A) performed insert of the elements \(1, 2, \ldots, 2^k, 2^k + 1, 2^k + 2\) in ascending order and then executed two deletemin operations. 
Bob (B) performed insert of the same elements in descending order and then executed two deletemin operations. 
Let \(\#\text{links}(A), \#\text{links}(B)\) denote the number of link operations that will be performed in the second deletemin operation in the structure of A and in the structure of B, respectively. 
For \(1 < k\):

a. \(0 \sim |\#\text{links}(A) - \#\text{links}(B)|\)

b. \(|\#\text{links}(A) - \#\text{links}(B)| \sim \log k\)

c. \(|\#\text{links}(A) - \#\text{links}(B)| \sim k\)

d. \(|\#\text{links}(A) - \#\text{links}(B)| \sim 2^k\)

e. The answer depends on \(k\)

\end{document}",question,,b. \(|\#\text{links}(A) - \#\text{links}(B)| \sim \log k\)
